{
  "faithfulness": 0.7165178571428572,
  "answer_relevancy": 0.8435964413865966,
  "context_precision": 0.91666666658125,
  "context_recall": 1.0
}